{
  "hash": "80404d97",
  "configHash": "a757677a",
  "lockfileHash": "a6497237",
  "browserHash": "3dbfbe91",
  "optimized": {
    "@angular/common": {
      "src": "../../../../../node_modules/@angular/common/fesm2022/common.mjs",
      "file": "@angular_common.js",
      "fileHash": "dc7f5a1f",
      "needsInterop": false
    },
    "@angular/common/http": {
      "src": "../../../../../node_modules/@angular/common/fesm2022/http.mjs",
      "file": "@angular_common_http.js",
      "fileHash": "3f33656d",
      "needsInterop": false
    },
    "@angular/core": {
      "src": "../../../../../node_modules/@angular/core/fesm2022/core.mjs",
      "file": "@angular_core.js",
      "fileHash": "77307f95",
      "needsInterop": false
    },
    "@angular/forms": {
      "src": "../../../../../node_modules/@angular/forms/fesm2022/forms.mjs",
      "file": "@angular_forms.js",
      "fileHash": "dd4115a6",
      "needsInterop": false
    },
    "@angular/platform-browser": {
      "src": "../../../../../node_modules/@angular/platform-browser/fesm2022/platform-browser.mjs",
      "file": "@angular_platform-browser.js",
      "fileHash": "c922d62f",
      "needsInterop": false
    },
    "@angular/router": {
      "src": "../../../../../node_modules/@angular/router/fesm2022/router.mjs",
      "file": "@angular_router.js",
      "fileHash": "10111249",
      "needsInterop": false
    },
    "html2canvas": {
      "src": "../../../../../node_modules/html2canvas/dist/html2canvas.esm.js",
      "file": "html2canvas.js",
      "fileHash": "03e4d932",
      "needsInterop": false
    },
    "jspdf": {
      "src": "../../../../../node_modules/jspdf/dist/jspdf.es.min.js",
      "file": "jspdf.js",
      "fileHash": "59406c5c",
      "needsInterop": false
    }
  },
  "chunks": {
    "purify.es-KCTOFWUV": {
      "file": "purify__es-KCTOFWUV.js"
    },
    "index.es-YJI6AJYS": {
      "file": "index__es-YJI6AJYS.js"
    },
    "chunk-QLLAUJKJ": {
      "file": "chunk-QLLAUJKJ.js"
    },
    "chunk-DD346JXP": {
      "file": "chunk-DD346JXP.js"
    },
    "chunk-B3K3F7FX": {
      "file": "chunk-B3K3F7FX.js"
    },
    "chunk-UMXKHIZH": {
      "file": "chunk-UMXKHIZH.js"
    },
    "chunk-UA7WYS7A": {
      "file": "chunk-UA7WYS7A.js"
    },
    "chunk-ASLTLD6L": {
      "file": "chunk-ASLTLD6L.js"
    }
  }
}